                  epoch,         train/box_loss,         train/cls_loss,         train/dfl_loss,   metrics/precision(B),      metrics/recall(B),       metrics/mAP50(B),    metrics/mAP50-95(B),           val/box_loss,           val/cls_loss,           val/dfl_loss,                 lr/pg0,                 lr/pg1,                 lr/pg2
                      1,                 1.5083,                 3.7275,                 1.5389,                0.00551,                      1,                 0.1394,                0.09986,                0.56757,                 3.3259,                  1.092,             0.00019998,             0.00019998,             0.00019998
                      2,                0.76235,                 2.4257,                 1.0921,                0.17207,                   0.62,                0.27186,                 0.2185,                0.65675,                 2.1089,                  1.214,             0.00040904,             0.00040904,             0.00040904
                      3,                0.72679,                 2.1752,                 1.0554,                0.20137,                    0.6,                0.30041,                0.24069,                 0.6532,                 2.4635,                 1.0997,               0.000616,               0.000616,               0.000616
                      4,                0.73896,                 2.0324,                 1.0636,                0.17235,                0.74386,                 0.2265,                0.16095,                0.96218,                 2.6651,                 1.5199,             0.00082088,             0.00082088,             0.00082088
                      5,                0.75755,                 1.9447,                 1.0603,                0.19177,                   0.34,                0.25978,                0.13039,                 1.1578,                 3.1524,                 1.7502,              0.0010237,              0.0010237,              0.0010237
                      6,                0.74652,                 1.8213,                 1.0475,                0.66947,                   0.08,                0.14205,                 0.0785,                 2.6059,                 2.9511,                 2.6227,              0.0010835,              0.0010835,              0.0010835
                      7,                0.73744,                 1.7396,                 1.0475,                0.26526,                0.69577,                0.33032,                0.26667,                0.67102,                 1.8408,                 1.1262,              0.0010835,              0.0010835,              0.0010835
                      8,                0.69431,                 1.6564,                 1.0229,                0.13212,                 0.7048,                0.22466,                0.18705,                0.60568,                 2.0901,                 1.0195,               0.001078,               0.001078,               0.001078
                      9,                0.68331,                 1.5976,                 1.0252,                0.18399,                   0.64,                0.23683,                0.20534,                0.59631,                  2.086,                 1.0177,              0.0010725,              0.0010725,              0.0010725
                     10,                  0.671,                 1.5544,                 1.0152,                0.17737,                 0.7249,                0.31201,                0.26436,                0.58705,                 3.4233,                 1.0288,               0.001067,               0.001067,               0.001067
                     11,                0.65024,                  1.516,                 1.0039,                0.15334,                   0.76,                0.27905,                0.23859,                0.57646,                 1.8846,                 1.0263,              0.0010615,              0.0010615,              0.0010615
                     12,                0.63721,                 1.4802,                  1.006,                0.30828,                    0.4,                0.22756,                0.19089,                0.80888,                 8.2926,                 1.1311,               0.001056,               0.001056,               0.001056
                     13,                 0.6349,                 1.4736,                 1.0019,                0.23159,                0.83279,                0.36847,                0.31878,                 0.5627,                 1.4595,                0.96453,              0.0010505,              0.0010505,              0.0010505
                     14,                0.61176,                 1.4245,                0.99471,                0.34354,                0.68191,                0.25898,                0.21475,                0.65619,                 2.2847,                 1.0602,               0.001045,               0.001045,               0.001045
                     15,                0.61536,                 1.4252,                0.99447,                0.36621,                   0.74,                0.31998,                0.21155,                 1.2755,                   2.32,                 1.3465,              0.0010395,              0.0010395,              0.0010395
                     16,                0.59796,                 1.3966,                0.98203,                0.21682,                   0.88,                0.32342,                0.27899,                0.57688,                 1.6023,                0.96517,               0.001034,               0.001034,               0.001034
                     17,                 0.6101,                 1.3921,                0.99653,                0.08597,                   0.78,                0.17739,                0.13659,                 1.1257,                 4.4375,                 1.5292,              0.0010285,              0.0010285,              0.0010285
                     18,                0.60924,                 1.3789,                0.99487,                0.27601,                0.69373,                0.45094,                0.39926,                0.55776,                 1.7312,                  0.977,               0.001023,               0.001023,               0.001023
                     19,                 0.5838,                 1.3459,                0.98347,                0.21705,                0.78183,                0.41674,                 0.3549,                0.61832,                 1.4808,                0.95744,              0.0010175,              0.0010175,              0.0010175
                     20,                0.55363,                 1.3389,                0.96369,                0.23588,                0.72036,                0.40238,                0.34261,                0.50352,                 1.7589,                0.93971,               0.001012,               0.001012,               0.001012
                     21,                 0.5665,                 1.3207,                0.96859,                0.28831,                   0.86,                0.42659,                0.34807,                0.69958,                 1.5206,                 1.0112,              0.0010065,              0.0010065,              0.0010065
                     22,                0.57564,                 1.3188,                0.97593,                0.29771,                0.75412,                0.44966,                0.35292,                 0.7386,                 1.4085,                 1.0211,               0.001001,               0.001001,               0.001001
                     23,                0.56439,                 1.2753,                0.97427,                  0.327,                   0.68,                0.31287,                0.27247,                0.58337,                 1.9187,                0.97523,             0.00099551,             0.00099551,             0.00099551
                     24,                 0.5668,                 1.2926,                0.97285,                0.30291,                 0.7837,                0.49449,                0.43705,                0.57103,                 1.3793,                0.94568,             0.00099001,             0.00099001,             0.00099001
                     25,                0.54645,                 1.2735,                0.96578,                0.33403,                0.59878,                0.46494,                0.42995,                0.43249,                 1.4858,                0.89745,             0.00098451,             0.00098451,             0.00098451
                     26,                0.55817,                  1.272,                0.96544,                0.27104,                 0.7303,                0.44726,                0.39066,                0.51447,                 1.4788,                0.96628,             0.00097901,             0.00097901,             0.00097901
                     27,                0.54896,                 1.2502,                0.96771,                0.38932,                0.82328,                 0.4804,                0.43207,                0.46129,                 1.5254,                0.92748,             0.00097351,             0.00097351,             0.00097351
                     28,                0.53534,                 1.2546,                0.96198,                0.24749,                0.86295,                0.48151,                0.42331,                0.50947,                 1.5182,                0.91845,             0.00096801,             0.00096801,             0.00096801
                     29,                0.52324,                 1.2207,                0.95731,                0.41733,                   0.46,                0.35668,                0.31583,                0.57303,                  1.949,                   1.01,             0.00096251,             0.00096251,             0.00096251
                     30,                0.52606,                 1.2022,                0.95809,                0.31297,                0.87551,                0.51994,                0.48562,                0.40861,                 1.2695,                0.89168,             0.00095702,             0.00095702,             0.00095702
                     31,                 0.5289,                 1.1924,                0.96003,                0.36287,                0.87555,                0.54591,                0.50376,                0.40768,                 1.2908,                0.89288,             0.00095152,             0.00095152,             0.00095152
                     32,                0.53667,                  1.185,                0.96388,                 0.2279,                   0.96,                 0.4002,                0.36631,                0.51058,                 2.6028,                 0.9362,             0.00094602,             0.00094602,             0.00094602
                     33,                0.54473,                 1.1654,                0.95735,                0.37253,                   0.72,                 0.5643,                0.50271,                0.46547,                 1.1533,                0.90659,             0.00094052,             0.00094052,             0.00094052
                     34,                0.51786,                  1.131,                0.95368,                0.38145,                 0.8729,                0.53265,                0.46333,                0.54071,                 1.5208,                 0.9317,             0.00093502,             0.00093502,             0.00093502
                     35,                0.52034,                 1.1073,                0.95437,                 0.3365,                   0.72,                0.54478,                0.50095,                0.40687,                 1.3044,                0.90322,             0.00092952,             0.00092952,             0.00092952
                     36,                0.51136,                 1.1136,                0.95321,                0.34549,                0.56078,                0.44192,                0.40311,                0.44596,                 2.0657,                0.88683,             0.00092402,             0.00092402,             0.00092402
                     37,                0.50659,                  1.091,                0.95396,                0.38238,                0.78512,                0.57377,                0.52729,                0.44287,                 1.7331,                0.90675,             0.00091852,             0.00091852,             0.00091852
                     38,                0.50715,                 1.0874,                0.94934,                0.40536,                0.63672,                0.55475,                0.50386,                0.42715,                  1.357,                0.91948,             0.00091302,             0.00091302,             0.00091302
                     39,                 0.5051,                 1.0873,                0.95547,                0.32508,                   0.76,                0.51044,                 0.4458,                0.55578,                 1.2389,                 0.9362,             0.00090752,             0.00090752,             0.00090752
                     40,                0.51606,                 1.0802,                0.95085,                0.28946,                0.77468,                0.56951,                0.51239,                0.51285,                 1.2009,                  0.969,             0.00090202,             0.00090202,             0.00090202
                     41,                0.51662,                 1.0496,                 0.9552,                 0.3717,                  0.807,                0.52398,                0.47337,                0.48303,                 1.3678,                0.91018,             0.00089652,             0.00089652,             0.00089652
                     42,                 0.5037,                 1.0559,                0.95354,                0.44912,                0.76183,                 0.6197,                0.57482,                0.40387,                 1.1687,                0.89372,             0.00089102,             0.00089102,             0.00089102
                     43,                0.49896,                 1.0239,                 0.9456,                0.66459,                    0.5,                0.57291,                0.51827,                0.49742,                 1.4307,                 0.9252,             0.00088552,             0.00088552,             0.00088552
                     44,                0.50841,                 1.0217,                 0.9519,                0.44631,                 0.7078,                0.57465,                0.52789,                0.45862,                 1.8481,                0.88638,             0.00088002,             0.00088002,             0.00088002
                     45,                0.49951,                0.99834,                0.94047,                0.28594,                0.70565,                0.47328,                0.42576,                0.45402,                  1.661,                0.90539,             0.00087452,             0.00087452,             0.00087452
                     46,                 0.5121,                0.98453,                0.95441,                 0.5461,                0.67937,                 0.5487,                0.50715,                 0.4315,                 1.4372,                0.90071,             0.00086902,             0.00086902,             0.00086902
                     47,                0.49362,                0.97806,                0.94646,                0.83343,                   0.14,                0.10721,                0.07481,                 1.0685,                 8.3053,                 1.8619,             0.00086352,             0.00086352,             0.00086352
                     48,                0.49873,                0.98736,                0.94683,                0.50925,                    0.7,                0.60753,                0.55504,                0.42776,                 1.4083,                 0.9355,             0.00085803,             0.00085803,             0.00085803
                     49,                0.50604,                0.97633,                0.95382,                0.46182,                0.81807,                0.65252,                0.59611,                0.43522,                 1.0742,                0.90333,             0.00085253,             0.00085253,             0.00085253
                     50,                0.48792,                0.98116,                0.94352,                0.58756,                0.69447,                 0.6893,                0.63535,                0.41863,                0.95743,                0.87638,             0.00084703,             0.00084703,             0.00084703
                     51,                0.49363,                0.94737,                0.94398,                0.36811,                0.83744,                0.52085,                0.48497,                0.39625,                 1.2926,                0.89015,             0.00084153,             0.00084153,             0.00084153
                     52,                0.48565,                0.91053,                0.93605,                 0.4274,                0.73031,                0.58718,                0.55447,                0.39886,                 1.5206,                0.87094,             0.00083603,             0.00083603,             0.00083603
                     53,                0.48183,                0.91127,                0.94016,                0.56228,                0.62765,                0.64804,                0.59279,                0.44069,                 1.2234,                0.88299,             0.00083053,             0.00083053,             0.00083053
                     54,                 0.4726,                0.89558,                0.93938,                0.53064,                0.73966,                0.64204,                0.58106,                0.46244,                 1.2265,                 0.8922,             0.00082503,             0.00082503,             0.00082503
                     55,                0.48582,                0.89133,                0.94477,                 0.4752,                0.83078,                0.63847,                0.59231,                0.44491,                 1.1763,                0.87327,             0.00081953,             0.00081953,             0.00081953
                     56,                0.49001,                0.88144,                0.94578,                 0.4716,                0.68501,                0.67764,                0.63205,                0.38639,                 1.2911,                0.88316,             0.00081403,             0.00081403,             0.00081403
                     57,                0.47745,                0.86297,                0.94216,                 0.4358,                0.69679,                0.61988,                0.58149,                0.38635,                 1.7159,                0.88504,             0.00080853,             0.00080853,             0.00080853
                     58,                0.48428,                0.86411,                0.94531,                0.67305,                0.72748,                0.72359,                0.63647,                0.58092,                 1.1545,                0.95407,             0.00080303,             0.00080303,             0.00080303
                     59,                0.47625,                0.86465,                0.94345,                0.52056,                0.85703,                0.70506,                0.62874,                0.49293,                0.98616,                 0.9479,             0.00079753,             0.00079753,             0.00079753
                     60,                0.47931,                0.80793,                0.94609,                0.70447,                 0.8184,                0.82929,                0.76535,                0.40619,                0.88685,                0.86557,             0.00079203,             0.00079203,             0.00079203
                     61,                0.46834,                0.81478,                 0.9367,                0.54937,                0.84095,                0.74855,                0.69551,                0.41039,                 0.9211,                0.88284,             0.00078653,             0.00078653,             0.00078653
                     62,                0.49011,                0.81446,                0.93821,                0.55761,                0.56642,                 0.6231,                0.56525,                 0.4286,                 1.6187,                 0.8959,             0.00078103,             0.00078103,             0.00078103
                     63,                0.45907,                0.77132,                0.93211,                0.61277,                0.71865,                0.76102,                0.68109,                0.39991,                 1.2798,                0.89228,             0.00077553,             0.00077553,             0.00077553
                     64,                  0.443,                0.76752,                0.93439,                0.63148,                0.60219,                0.71659,                0.66981,                0.38644,                 1.2564,                0.86986,             0.00077003,             0.00077003,             0.00077003
                     65,                 0.4546,                0.76689,                0.93537,                0.70388,                0.84115,                0.78137,                0.71447,                0.40599,                0.85452,                0.87292,             0.00076453,             0.00076453,             0.00076453
                     66,                0.47352,                 0.7494,                0.93373,                0.78999,                0.76906,                0.79759,                0.73591,                0.40391,                 1.0011,                0.87755,             0.00075904,             0.00075904,             0.00075904
                     67,                0.46801,                0.72459,                0.94301,                0.57726,                0.78776,                0.72704,                0.66641,                0.45863,                 1.1913,                0.89018,             0.00075354,             0.00075354,             0.00075354
                     68,                0.46047,                0.73953,                0.92564,                0.69844,                0.77647,                0.76112,                0.70893,                0.40246,                 1.0187,                0.85672,             0.00074804,             0.00074804,             0.00074804
                     69,                0.46793,                0.74924,                0.93224,                0.51539,                0.53385,                0.55954,                0.52308,                0.45779,                 1.8058,                0.95315,             0.00074254,             0.00074254,             0.00074254
                     70,                0.45947,                0.71621,                0.93378,                0.57816,                0.73362,                0.65758,                0.58951,                0.48815,                 1.3034,                0.91322,             0.00073704,             0.00073704,             0.00073704
                     71,                0.45177,                0.72557,                 0.9303,                0.80611,                0.71132,                0.78529,                0.73975,                0.36833,                 1.0728,                0.87101,             0.00073154,             0.00073154,             0.00073154
                     72,                0.45089,                0.69002,                0.93337,                0.72038,                0.83631,                0.83019,                0.78735,                0.36154,                0.88739,                0.85761,             0.00072604,             0.00072604,             0.00072604
                     73,                0.45732,                0.71449,                0.93364,                0.56352,                0.78297,                0.69994,                 0.6329,                0.43501,                  1.114,                 0.9483,             0.00072054,             0.00072054,             0.00072054
                     74,                0.44455,                0.70216,                0.92928,                0.74928,                   0.68,                 0.8112,                0.77091,                0.36081,                 1.0025,                0.86585,             0.00071504,             0.00071504,             0.00071504
                     75,                0.43669,                0.67844,                0.92961,                0.62702,                 0.7852,                 0.7421,                0.69273,                0.42092,                 1.0421,                0.88099,             0.00070954,             0.00070954,             0.00070954
                     76,                0.44964,                0.69481,                0.93539,                0.72148,                    0.8,                0.83537,                 0.7877,                0.36382,                0.85895,                0.85759,             0.00070404,             0.00070404,             0.00070404
                     77,                0.44788,                0.66447,                0.93053,                0.61257,                0.50966,                0.58282,                0.54206,                0.38434,                 2.1091,                0.87524,             0.00069854,             0.00069854,             0.00069854
                     78,                0.44461,                0.66737,                0.92528,                0.54335,                0.77521,                0.73159,                0.68659,                0.38872,                 1.3795,                0.87527,             0.00069304,             0.00069304,             0.00069304
                     79,                0.44802,                0.65409,                0.93242,                0.60585,                0.83835,                0.78328,                 0.6974,                0.45323,                0.95355,                0.93117,             0.00068754,             0.00068754,             0.00068754
                     80,                0.45151,                0.64232,                0.93469,                0.71394,                0.81546,                0.84039,                0.78859,                0.37675,                 1.0309,                0.87089,             0.00068204,             0.00068204,             0.00068204
                     81,                0.43615,                0.63745,                0.92481,                0.81912,                0.78082,                0.87862,                 0.8286,                0.36924,                0.69676,                 0.8639,             0.00067654,             0.00067654,             0.00067654
                     82,                0.43636,                 0.6102,                 0.9218,                 0.7372,                0.62427,                0.79547,                0.75167,                0.39924,                 1.1829,                0.87511,             0.00067104,             0.00067104,             0.00067104
                     83,                0.44071,                0.64954,                0.93283,                0.47099,                0.74507,                0.69462,                0.64809,                0.39675,                 1.4676,                0.88078,             0.00066554,             0.00066554,             0.00066554
                     84,                0.43468,                0.62189,                0.92402,                 0.8408,                0.73139,                0.83388,                0.75998,                0.41023,                0.84317,                0.90574,             0.00066005,             0.00066005,             0.00066005
                     85,                0.42707,                 0.6021,                0.92279,                0.62586,                0.83343,                0.78286,                0.72749,                0.36652,                 1.0571,                0.86266,             0.00065455,             0.00065455,             0.00065455
                     86,                0.42771,                0.59167,                0.92561,                0.84286,                0.84483,                0.92259,                0.88041,                0.36695,                0.68588,                0.86154,             0.00064905,             0.00064905,             0.00064905
                     87,                0.43259,                0.59521,                0.91859,                0.68893,                0.85798,                  0.887,                0.83573,                0.37603,                0.85488,                0.87287,             0.00064355,             0.00064355,             0.00064355
                     88,                0.41969,                0.59553,                0.92372,                0.79908,                 0.7415,                0.79564,                0.73665,                0.42995,                 1.2154,                0.87595,             0.00063805,             0.00063805,             0.00063805
                     89,                0.42473,                 0.5669,                0.92113,                   0.77,                0.73783,                0.85386,                0.79394,                0.41989,                 0.7919,                0.91108,             0.00063255,             0.00063255,             0.00063255
                     90,                0.42968,                0.57906,                 0.9198,                0.71172,                0.84477,                 0.8532,                0.76607,                0.45858,                0.78868,                0.91256,             0.00062705,             0.00062705,             0.00062705
                     91,                0.44351,                0.59409,                0.92604,                0.63363,                   0.76,                   0.74,                0.67964,                0.47809,                 1.1118,                0.91951,             0.00062155,             0.00062155,             0.00062155
                     92,                0.42254,                0.57992,                0.92338,                  0.799,                0.84025,                0.85817,                0.80191,                0.37369,                0.75974,                0.87321,             0.00061605,             0.00061605,             0.00061605
                     93,                0.42401,                0.57977,                0.92472,                0.86887,                0.71676,                0.87536,                0.81572,                0.37407,                0.77018,                0.85828,             0.00061055,             0.00061055,             0.00061055
                     94,                0.42152,                0.57179,                0.91968,                0.86692,                0.74372,                0.87063,                0.81283,                0.35378,                0.87085,                0.86111,             0.00060505,             0.00060505,             0.00060505
                     95,                0.42265,                0.56331,                0.91742,                0.66096,                0.82786,                0.85077,                0.80627,                0.34581,                0.96296,                0.86273,             0.00059955,             0.00059955,             0.00059955
                     96,                0.40954,                 0.5486,                0.92216,                0.76629,                0.82483,                0.86783,                0.78917,                0.44551,                 0.6913,                0.88154,             0.00059405,             0.00059405,             0.00059405
                     97,                0.43873,                0.57095,                0.92546,                0.76413,                0.79624,                0.83492,                0.79199,                0.36678,                0.77646,                0.85967,             0.00058855,             0.00058855,             0.00058855
                     98,                0.42189,                0.54242,                0.91935,                0.74469,                0.86711,                0.89185,                0.85271,                0.35014,                0.74391,                0.86164,             0.00058305,             0.00058305,             0.00058305
                     99,                0.41058,                 0.5352,                0.91672,                0.89161,                0.76271,                0.87145,                0.81474,                0.40469,                 0.7063,                 0.8722,             0.00057755,             0.00057755,             0.00057755
                    100,                0.41453,                0.53804,                0.91728,                0.89331,                0.83229,                0.91393,                0.85787,                0.39932,                0.65529,                0.86256,             0.00057205,             0.00057205,             0.00057205
                    101,                0.40932,                0.52322,                0.91622,                0.76071,                0.90628,                0.89199,                0.84709,                0.35321,                0.61049,                0.85688,             0.00056655,             0.00056655,             0.00056655
                    102,                 0.4137,                0.51802,                0.91971,                0.88153,                0.85488,                0.91756,                0.86308,                0.37453,                0.61703,                0.86785,             0.00056105,             0.00056105,             0.00056105
                    103,                 0.4087,                0.50845,                0.92008,                0.88766,                0.85527,                0.87784,                0.83529,                0.33459,                 0.6146,                0.85018,             0.00055556,             0.00055556,             0.00055556
                    104,                 0.4026,                0.49399,                0.91186,                0.82081,                0.84785,                0.91385,                0.86243,                 0.3664,                0.61143,                0.85476,             0.00055006,             0.00055006,             0.00055006
                    105,                0.39595,                0.50489,                0.91425,                0.78059,                0.62058,                0.81512,                0.76905,                0.36463,                0.89561,                0.87162,             0.00054456,             0.00054456,             0.00054456
                    106,                0.40568,                0.53415,                0.91916,                 0.8862,                 0.7907,                0.90735,                0.85732,                0.34235,                0.68711,                0.86324,             0.00053906,             0.00053906,             0.00053906
                    107,                0.41573,                0.49714,                0.91607,                0.79242,                0.70251,                0.80155,                0.75503,                0.36588,                  1.062,                0.87803,             0.00053356,             0.00053356,             0.00053356
                    108,                 0.4037,                0.49364,                0.91398,                0.91371,                 0.7672,                0.89042,                0.85602,                0.35148,                0.75585,                0.88256,             0.00052806,             0.00052806,             0.00052806
                    109,                 0.3929,                0.51585,                0.91329,                0.73288,                0.79821,                0.81537,                0.68793,                 0.4626,                 1.1991,                 0.9756,             0.00052256,             0.00052256,             0.00052256
                    110,                0.39683,                0.48298,                0.91389,                0.75269,                0.67383,                0.69461,                0.64366,                0.41426,                 1.2633,                0.91205,             0.00051706,             0.00051706,             0.00051706
                    111,                0.40601,                0.49015,                0.91455,                0.88045,                0.82062,                0.89073,                0.83185,                0.36969,                0.67166,                 0.8716,             0.00051156,             0.00051156,             0.00051156
                    112,                0.39428,                 0.4951,                0.91161,                0.72589,                0.83594,                0.83117,                0.78352,                0.35903,                0.78499,                0.86459,             0.00050606,             0.00050606,             0.00050606
                    113,                0.40165,                0.48126,                0.91939,                0.86236,                0.79875,                0.87275,                0.80861,                0.41453,                0.79138,                0.93855,             0.00050056,             0.00050056,             0.00050056
                    114,                0.39516,                0.47608,                0.91519,                0.88623,                0.84643,                0.88619,                0.83717,                0.34089,                0.61743,                0.86135,             0.00049506,             0.00049506,             0.00049506
                    115,                 0.3927,                0.47744,                0.91134,                0.88866,                0.83431,                0.92676,                0.86729,                0.37709,                0.59324,                0.85901,             0.00048956,             0.00048956,             0.00048956
                    116,                 0.3811,                0.45229,                0.90573,                0.88351,                  0.731,                0.88045,                0.84202,                0.35505,                0.79306,                0.85819,             0.00048406,             0.00048406,             0.00048406
                    117,                0.38927,                0.47532,                0.90936,                  0.769,                0.88889,                0.88526,                0.84272,                0.35249,                0.59318,                0.85661,             0.00047856,             0.00047856,             0.00047856
                    118,                0.38582,                0.45125,                 0.9062,                0.86915,                0.84954,                0.92541,                0.87018,                0.36951,                0.57167,                0.86116,             0.00047306,             0.00047306,             0.00047306
                    119,                0.38645,                 0.4521,                0.90964,                0.75529,                0.75815,                0.82803,                0.78128,                0.36565,                0.89351,                0.86743,             0.00046756,             0.00046756,             0.00046756
                    120,                 0.3823,                0.46626,                 0.9076,                0.91163,                0.81766,                0.92476,                0.87717,                0.33309,                0.62617,                0.84202,             0.00046206,             0.00046206,             0.00046206
                    121,                0.37421,                0.44189,                0.90218,                0.89441,                0.86534,                0.93111,                0.88338,                0.33124,                0.47732,                 0.8473,             0.00045657,             0.00045657,             0.00045657
                    122,                0.38547,                0.44899,                0.91137,                 0.7447,                0.70111,                0.85965,                0.80894,                0.37663,                 1.0111,                0.85653,             0.00045107,             0.00045107,             0.00045107
                    123,                0.38705,                0.44496,                0.90815,                  0.884,                   0.86,                0.88788,                0.84404,                0.33709,                0.60332,                0.84042,             0.00044557,             0.00044557,             0.00044557
                    124,                0.38045,                0.44868,                0.90953,                0.92503,                0.82385,                0.88864,                0.86169,                 0.3243,                0.70632,                0.84349,             0.00044007,             0.00044007,             0.00044007
                    125,                0.37916,                0.44305,                0.91115,                0.90916,                0.83629,                 0.8701,                0.84083,                0.33132,                0.62953,                0.84665,             0.00043457,             0.00043457,             0.00043457
                    126,                0.38145,                0.44012,                 0.9092,                0.91391,                 0.8528,                0.93892,                0.88479,                0.35134,                0.60131,                0.85521,             0.00042907,             0.00042907,             0.00042907
                    127,                0.37255,                0.42699,                0.90453,                0.81101,                0.86997,                0.88788,                0.85104,                0.34004,                0.64253,                0.85216,             0.00042357,             0.00042357,             0.00042357
                    128,                0.37458,                0.41725,                0.91294,                0.90024,                0.70944,                0.87108,                 0.8326,                0.33579,                0.77176,                0.84432,             0.00041807,             0.00041807,             0.00041807
                    129,                0.36561,                0.41889,                0.90341,                0.92291,                0.80802,                0.92108,                0.86588,                0.34929,                0.66316,                0.85904,             0.00041257,             0.00041257,             0.00041257
                    130,                0.38153,                0.42218,                0.90813,                0.94973,                0.82301,                0.94873,                0.91265,                0.34782,                0.58147,                0.86375,             0.00040707,             0.00040707,             0.00040707
                    131,                0.37541,                0.43376,                0.90749,                0.87384,                0.87991,                0.92814,                0.87488,                0.37779,                0.53226,                  0.863,             0.00040157,             0.00040157,             0.00040157
                    132,                0.37525,                0.44488,                0.90561,                0.79532,                0.82318,                0.87772,                0.83041,                0.39046,                 0.7905,                0.86645,             0.00039607,             0.00039607,             0.00039607
                    133,                0.36755,                0.42627,                0.90744,                0.91077,                0.80737,                0.90427,                 0.8624,                0.33683,                0.54381,                0.84762,             0.00039057,             0.00039057,             0.00039057
                    134,                0.38297,                0.40366,                0.90785,                0.91729,                0.84604,                0.93688,                0.89162,                0.32715,                0.55856,                0.84702,             0.00038507,             0.00038507,             0.00038507
                    135,                 0.3668,                0.41798,                0.90385,                0.92236,                0.85893,                0.96263,                0.90997,                0.36104,                0.52274,                0.85525,             0.00037957,             0.00037957,             0.00037957
                    136,                0.36449,                0.41887,                0.90466,                 0.7945,                0.77605,                0.91598,                0.87083,                0.35173,                0.91053,                0.85714,             0.00037407,             0.00037407,             0.00037407
                    137,                0.36672,                0.43576,                0.90849,                0.83488,                0.90556,                0.94994,                0.90893,                0.35265,                0.46053,                0.84556,             0.00036857,             0.00036857,             0.00036857
                    138,                0.36489,                0.41176,                0.91388,                0.90191,                0.90376,                0.95689,                0.90728,                0.36581,                0.47212,                0.85828,             0.00036307,             0.00036307,             0.00036307
                    139,                0.37584,                0.41595,                0.90612,                0.92012,                0.80143,                0.94054,                0.89614,                0.33557,                0.54638,                0.85303,             0.00035758,             0.00035758,             0.00035758
                    140,                0.36441,                 0.4033,                0.90093,                0.81607,                 0.7836,                 0.8946,                 0.8517,                0.35738,                0.64515,                0.85518,             0.00035208,             0.00035208,             0.00035208
                    141,                0.35332,                0.38604,                0.90055,                0.89071,                0.77964,                0.92135,                0.87455,                 0.3672,                0.63995,                0.87546,             0.00034658,             0.00034658,             0.00034658
                    142,                0.35342,                0.39161,                0.89607,                0.93646,                0.84829,                0.95737,                0.91961,                0.32563,                0.52494,                0.84268,             0.00034108,             0.00034108,             0.00034108
                    143,                0.36327,                0.40396,                0.90055,                0.87883,                0.88162,                0.94404,                0.89683,                0.33274,                0.55692,                0.85168,             0.00033558,             0.00033558,             0.00033558
                    144,                0.35787,                0.40952,                 0.8989,                0.90791,                0.86098,                0.95813,                 0.9052,                0.33113,                0.60953,                0.84105,             0.00033008,             0.00033008,             0.00033008
                    145,                0.35922,                0.41697,                 0.9037,                0.86485,                   0.86,                0.92245,                0.89106,                0.33704,                0.60914,                0.84948,             0.00032458,             0.00032458,             0.00032458
                    146,                0.35106,                 0.4016,                0.90037,                0.89615,                0.86965,                0.94346,                  0.889,                 0.3438,                0.55616,                0.84678,             0.00031908,             0.00031908,             0.00031908
                    147,                0.35297,                0.39384,                0.90178,                0.82797,                0.90686,                0.90585,                0.85535,                0.33256,                0.55236,                0.84519,             0.00031358,             0.00031358,             0.00031358
                    148,                0.35596,                0.37691,                0.89954,                0.91547,                0.84372,                0.94374,                  0.907,                 0.3265,                0.52834,                0.84041,             0.00030808,             0.00030808,             0.00030808
                    149,                 0.3502,                0.36556,                0.89971,                0.93816,                0.86404,                 0.9449,                 0.9107,                0.32294,                0.49395,                0.84951,             0.00030258,             0.00030258,             0.00030258
                    150,                0.34552,                0.36911,                0.90315,                0.89628,                0.89478,                0.95012,                0.90128,                 0.3512,                0.48222,                0.84655,             0.00029708,             0.00029708,             0.00029708
                    151,                0.35388,                 0.3905,                0.90193,                0.90377,                0.85125,                0.95893,                0.91375,                0.32716,                0.51635,                0.85016,             0.00029158,             0.00029158,             0.00029158
                    152,                0.35489,                0.36882,                0.90323,                0.85044,                   0.88,                0.92908,                0.88842,                0.33608,                0.57605,                0.84065,             0.00028608,             0.00028608,             0.00028608
                    153,                0.34586,                0.37147,                0.89322,                0.89801,                0.87913,                0.92958,                 0.8775,                0.34307,                0.51476,                0.84874,             0.00028058,             0.00028058,             0.00028058
                    154,                0.34067,                0.36461,                0.89449,                 0.8408,                0.84219,                 0.9144,                0.87816,                0.32707,                0.61457,                0.83983,             0.00027508,             0.00027508,             0.00027508
                    155,                0.34634,                0.37581,                0.90345,                0.90371,                0.87375,                0.90721,                0.86339,                0.32301,                0.55361,                0.84472,             0.00026958,             0.00026958,             0.00026958
                    156,                0.33678,                0.36897,                 0.8907,                0.86124,                0.85967,                0.83351,                0.78605,                0.34515,                0.79182,                0.85223,             0.00026408,             0.00026408,             0.00026408
                    157,                0.33852,                0.36124,                0.89113,                0.91548,                0.87468,                0.94641,                0.90441,                0.31373,                0.52681,                0.83613,             0.00025859,             0.00025859,             0.00025859
                    158,                 0.3387,                0.36408,                0.89705,                0.89199,                0.90078,                0.94951,                0.90594,                0.33083,                0.46476,                0.84571,             0.00025309,             0.00025309,             0.00025309
                    159,                0.34236,                0.35824,                 0.8894,                0.92022,                    0.9,                 0.9328,                0.88077,                0.34465,                0.51201,                0.84723,             0.00024759,             0.00024759,             0.00024759
                    160,                0.33638,                0.35525,                0.89922,                0.89566,                0.84316,                0.90393,                0.87434,                0.32098,                0.69531,                0.84324,             0.00024209,             0.00024209,             0.00024209
                    161,                0.33597,                0.36202,                0.89334,                0.87342,                0.85242,                0.81792,                0.78387,                0.33304,                0.69378,                0.84974,             0.00023659,             0.00023659,             0.00023659
                    162,                0.33101,                 0.3477,                0.89515,                0.88562,                0.86541,                0.88747,                0.85558,                0.32973,                0.56809,                0.83861,             0.00023109,             0.00023109,             0.00023109
                    163,                0.34559,                0.35209,                0.89911,                0.83749,                0.85288,                0.89823,                0.85034,                 0.3397,                0.56501,                0.84097,             0.00022559,             0.00022559,             0.00022559
                    164,                0.34262,                 0.3601,                0.89794,                0.90297,                0.88044,                0.93419,                0.89073,                0.32658,                 0.4906,                0.83662,             0.00022009,             0.00022009,             0.00022009
                    165,                0.33634,                0.34614,                 0.8934,                0.97259,                0.84406,                0.95912,                0.91056,                0.33055,                0.48217,                0.83744,             0.00021459,             0.00021459,             0.00021459
                    166,                0.33265,                0.36155,                0.89337,                0.93546,                0.89031,                0.95391,                0.91447,                0.33523,                0.45265,                0.84166,             0.00020909,             0.00020909,             0.00020909
                    167,                0.32661,                0.33615,                0.88748,                0.95693,                0.84226,                 0.9605,                0.92703,                0.31739,                 0.4785,                0.83845,             0.00020359,             0.00020359,             0.00020359
                    168,                0.33383,                0.35033,                0.89409,                0.93013,                0.84284,                0.95411,                0.91824,                0.31296,                0.47925,                0.83989,             0.00019809,             0.00019809,             0.00019809
                    169,                0.32587,                0.34507,                0.89692,                0.94704,                0.81804,                0.95269,                 0.9126,                0.32728,                0.46659,                0.84262,             0.00019259,             0.00019259,             0.00019259
                    170,                0.31442,                0.33865,                0.88861,                0.91081,                0.81891,                0.92863,                0.88875,                0.32518,                0.58533,                0.84061,             0.00018709,             0.00018709,             0.00018709
                    171,                0.32907,                0.33643,                0.89661,                0.88057,                0.92813,                0.94676,                0.90246,                 0.3354,                0.42524,                0.84257,             0.00018159,             0.00018159,             0.00018159
                    172,                0.31876,                0.34274,                0.89176,                0.89341,                0.85145,                0.93642,                0.89759,                0.33483,                0.51978,                0.83863,             0.00017609,             0.00017609,             0.00017609
                    173,                0.32377,                 0.3411,                0.89237,                0.93715,                0.84919,                0.92674,                0.88974,                0.31756,                0.56396,                0.83875,             0.00017059,             0.00017059,             0.00017059
                    174,                0.32212,                0.33307,                 0.8957,                0.87365,                 0.9168,                0.95485,                0.91351,                0.31807,                 0.4162,                 0.8316,             0.00016509,             0.00016509,             0.00016509
                    175,                0.32702,                0.34201,                0.89554,                0.88576,                    0.9,                0.94992,                 0.9115,                0.31756,                0.43716,                0.83257,              0.0001596,              0.0001596,              0.0001596
                    176,                 0.3206,                 0.3308,                0.89583,                0.83263,                 0.9031,                0.95762,                0.92289,                0.32288,                0.51728,                0.83443,              0.0001541,              0.0001541,              0.0001541
                    177,                 0.3215,                0.33039,                0.89203,                 0.9045,                0.91458,                0.95862,                0.91279,                0.33143,                0.41381,                0.83622,              0.0001486,              0.0001486,              0.0001486
                    178,                0.31724,                0.33141,                0.89198,                0.93319,                 0.8414,                0.97907,                0.94853,                0.30958,                0.52047,                0.83212,              0.0001431,              0.0001431,              0.0001431
                    179,                0.32184,                0.32575,                0.88888,                 0.9312,                 0.8472,                0.96656,                0.93048,                0.31524,                0.49689,                0.82691,              0.0001376,              0.0001376,              0.0001376
                    180,                0.31929,                0.32215,                0.89101,                0.82743,                0.91748,                0.96418,                0.92772,                0.31681,                0.51211,                0.83172,              0.0001321,              0.0001321,              0.0001321
                    181,                0.30918,                0.30335,                0.89081,                0.91473,                0.88021,                0.97146,                0.93281,                0.32628,                0.48246,                0.83555,              0.0001266,              0.0001266,              0.0001266
                    182,                0.30977,                0.32259,                0.89005,                0.90373,                0.87921,                0.97691,                0.93345,                0.32837,                0.44899,                0.83875,              0.0001211,              0.0001211,              0.0001211
                    183,                0.31004,                0.32955,                0.88658,                0.94489,                0.84275,                0.97694,                0.93738,                0.31832,                0.45491,                0.83338,              0.0001156,              0.0001156,              0.0001156
                    184,                0.30693,                0.31502,                0.88873,                0.92658,                0.85797,                0.94452,                0.90551,                0.32146,                0.49065,                0.83526,              0.0001101,              0.0001101,              0.0001101
                    185,                0.31294,                0.32061,                0.89562,                 0.8938,                0.91659,                0.95954,                0.91718,                0.31541,                0.44567,                0.83663,              0.0001046,              0.0001046,              0.0001046
                    186,                0.31883,                0.32485,                0.89409,                0.88356,                0.92177,                 0.9702,                0.93118,                0.32016,                0.41979,                0.83758,             9.9101e-05,             9.9101e-05,             9.9101e-05
                    187,                0.30984,                 0.3162,                0.89422,                0.94412,                0.85155,                0.94635,                0.90388,                0.32157,                0.45999,                 0.8363,             9.3602e-05,             9.3602e-05,             9.3602e-05
                    188,                0.31774,                0.32584,                0.89301,                0.90403,                 0.8473,                 0.9628,                0.92683,                0.32245,                0.49918,                0.83574,             8.8102e-05,             8.8102e-05,             8.8102e-05
                    189,                 0.3114,                0.32094,                0.88971,                0.91126,                0.82357,                 0.9469,                0.90959,                0.31701,                0.53145,                0.83311,             8.2603e-05,             8.2603e-05,             8.2603e-05
                    190,                0.30808,                 0.3138,                0.89967,                0.92348,                0.80977,                0.94941,                0.91223,                 0.3144,                0.53944,                0.83227,             7.7103e-05,             7.7103e-05,             7.7103e-05
                    191,                0.22782,                0.19261,                0.84608,                0.95871,                0.87404,                0.96465,                0.92236,                0.33732,                0.46528,                0.83554,             7.1604e-05,             7.1604e-05,             7.1604e-05
                    192,                0.22238,                0.17859,                0.84199,                0.91419,                0.90066,                0.98452,                0.94905,                0.32695,                 0.4163,                0.83289,             6.6105e-05,             6.6105e-05,             6.6105e-05
                    193,                0.21149,                0.17147,                0.84002,                 0.9392,                0.87096,                 0.9587,                0.92084,                0.31472,                0.49252,                0.82897,             6.0605e-05,             6.0605e-05,             6.0605e-05
                    194,                0.21402,                0.17222,                  0.841,                0.94606,                0.88037,                0.96541,                0.93314,                0.30747,                0.45251,                0.82713,             5.5106e-05,             5.5106e-05,             5.5106e-05
                    195,                0.20571,                 0.1657,                 0.8386,                0.88548,                0.91962,                0.96678,                0.93386,                0.31426,                0.41942,                0.82696,             4.9606e-05,             4.9606e-05,             4.9606e-05
                    196,                0.20634,                0.16969,                0.84336,                 0.9361,                0.90464,                0.96119,                0.92746,                0.30791,                  0.417,                0.82559,             4.4107e-05,             4.4107e-05,             4.4107e-05
                    197,                0.20782,                0.15624,                0.83626,                0.92911,                0.90337,                0.94938,                0.92312,                0.30769,                0.43993,                0.82483,             3.8607e-05,             3.8607e-05,             3.8607e-05
                    198,                0.20846,                0.16184,                0.84161,                0.93699,                0.87678,                0.94882,                0.91815,                0.30466,                0.44724,                0.82422,             3.3108e-05,             3.3108e-05,             3.3108e-05
                    199,                0.20529,                0.15969,                0.83909,                0.88187,                0.92148,                0.95082,                0.91628,                0.30436,                0.45305,                0.82271,             2.7608e-05,             2.7608e-05,             2.7608e-05
                    200,                 0.2085,                0.16266,                0.84385,                0.88124,                   0.92,                0.95075,                0.91255,                0.30309,                0.45942,                0.82439,             2.2109e-05,             2.2109e-05,             2.2109e-05
